ID,Trade Date,DayOfWeek,Day,Month,Year,Index,High,Low,Total Market Value
3,2020-02-04,3,4,2,2020,1686.07,1688.48,1667.05,8.03831E+12
4,2020-02-03,2,3,2,2020,1649.92,1656.1,1629.96,7.86598E+12
5,2020-01-31,6,31,1,2020,1604.78,1640.7,1597.27,7.6508E+12
6,2020-01-30,5,30,1,2020,1640.56,1642.38,1619.65,7.82159E+12
7,2020-01-29,4,29,1,2020,1646.7,1656.27,1639.45,7.8517E+12
8,2020-01-28,3,28,1,2020,1647.31,1648.46,1628.19,7.85457E+12
9,2020-01-27,2,27,1,2020,1613.03,1623.14,1604.85,7.69114E+12
10,2020-01-24,6,24,1,2020,1645.56,1665.84,1637.25,7.84626E+12
11,2020-01-23,5,23,1,2020,1652.64,1653.9,1640.56,7.88002E+12
12,2020-01-22,4,22,1,2020,1644.92,1655.4,1643.88,7.84318E+12
13,2020-01-21,3,21,1,2020,1651.1,1656.96,1646.97,7.87267E+12
14,2020-01-17,6,17,1,2020,1656.06,1658.67,1646.44,7.89631E+12
15,2020-01-16,5,16,1,2020,1642.85,1643.04,1631.77,7.83332E+12
16,2020-01-15,4,15,1,2020,1631.95,1641.31,1627.01,7.78135E+12
17,2020-01-14,3,14,1,2020,1633.42,1642.98,1628.94,7.78838E+12
18,2020-01-13,2,13,1,2020,1644.14,1644.14,1628.08,7.83946E+12
19,2020-01-10,6,10,1,2020,1615.02,1627.07,1612.66,7.70061E+12
20,2020-01-09,5,9,1,2020,1620.71,1624.52,1609.59,7.72776E+12
21,2020-01-08,4,8,1,2020,1600.5,1607.7,1582.78,7.63151E+12
22,2020-01-07,3,7,1,2020,1586.06,1591.45,1581.47,7.56265E+12
23,2020-01-06,2,6,1,2020,1581.5,1581.5,1558.6,7.54172E+12
24,2020-01-03,6,3,1,2020,1582.44,1589.53,1575.24,7.5462E+12
25,2020-01-02,5,2,1,2020,1582.43,1588.11,1567.65,7.54615E+12
26,2019-12-31,3,31,12,2019,1550.26,1553.65,1539.08,7.39416E+12
27,2019-12-30,2,30,12,2019,1561.91,1568.81,1552.98,7.44975E+12
28,2019-12-27,6,27,12,2019,1575.63,1582.91,1571.42,7.51561E+12
29,2019-12-26,5,26,12,2019,1587.93,1587.93,1578.3,7.57426E+12
30,2019-12-24,3,24,12,2019,1578.09,1580.99,1576.52,7.52739E+12
31,2019-12-23,2,23,12,2019,1582.06,1586.25,1577.88,7.54649E+12
32,2019-12-20,6,20,12,2019,1563.93,1570.17,1558.49,7.42837E+12
33,2019-12-19,5,19,12,2019,1559.33,1561.49,1548.66,7.4076E+12
34,2019-12-18,4,18,12,2019,1543.41,1548.91,1541.66,7.3326E+12
35,2019-12-17,3,17,12,2019,1535.01,1539.02,1530,7.29268E+12
36,2019-12-16,2,16,12,2019,1511.04,1517,1505.44,7.17881E+12
37,2019-12-13,6,13,12,2019,1495.41,1503.1,1490.02,7.10454E+12
38,2019-12-12,5,12,12,2019,1517.31,1521.53,1495.96,7.20866E+12
39,2019-12-11,4,11,12,2019,1499.01,1499.01,1491.26,7.12271E+12
40,2019-12-10,3,10,12,2019,1491.3,1498.57,1486.11,7.08606E+12
41,2019-12-09,2,9,12,2019,1494.37,1506.69,1494.29,7.10078E+12
42,2019-12-06,6,6,12,2019,1506.11,1506.13,1498.04,7.15656E+12
43,2019-12-05,5,5,12,2019,1484.71,1488.87,1479.38,7.0549E+12
44,2019-12-04,4,4,12,2019,1487.41,1492.67,1487.27,7.06947E+12
45,2019-12-03,3,3,12,2019,1492.94,1493.23,1475.89,7.09639E+12
46,2019-12-02,2,2,12,2019,1511.18,1528.1,1503.89,7.18306E+12
47,2019-11-29,6,29,11,2019,1526.74,1537.01,1526.46,7.25711E+12
48,2019-11-27,4,27,11,2019,1541.08,1541.84,1532.94,7.32538E+12
49,2019-11-26,3,26,11,2019,1534.68,1535.32,1529.14,7.29519E+12
50,2019-11-25,2,25,11,2019,1524.18,1525.22,1517.18,7.24537E+12
51,2019-11-22,6,22,11,2019,1514.98,1516.08,1506.82,7.20161E+12
52,2019-11-21,5,21,11,2019,1502.89,1509.26,1497.83,7.14423E+12
53,2019-11-20,4,20,11,2019,1507.53,1517.94,1495.78,7.19269E+12
54,2019-11-19,3,19,11,2019,1514.75,1520.11,1508.21,7.23035E+12
55,2019-11-18,2,18,11,2019,1508.75,1512.37,1499.12,7.20169E+12
56,2019-11-15,6,15,11,2019,1513.61,1513.97,1507.15,7.22503E+12
57,2019-11-14,5,14,11,2019,1508.39,1510.59,1497.48,7.20058E+12
58,2019-11-13,4,13,11,2019,1510.64,1513.8,1505.54,7.2124E+12
59,2019-11-12,3,12,11,2019,1511.41,1516.63,1504.61,7.21798E+12
60,2019-11-11,2,11,11,2019,1503.22,1506.54,1495.65,7.1793E+12
61,2019-11-08,6,8,11,2019,1515.19,1516.17,1499.29,7.23644E+12
62,2019-11-07,5,7,11,2019,1505.33,1514.35,1501.68,7.18951E+12
63,2019-11-06,4,6,11,2019,1494.18,1496.99,1487.66,7.13906E+12
64,2019-11-05,3,5,11,2019,1497.27,1500.1,1493.17,7.15973E+12
65,2019-11-04,2,4,11,2019,1491.44,1501.4,1489.96,7.13189E+12
66,2019-11-01,6,1,11,2019,1479,1479.7,1470.09,7.07247E+12
67,2019-10-31,5,31,10,2019,1466.01,1469.56,1458.86,7.01033E+12
68,2019-10-30,4,30,10,2019,1473.63,1473.63,1461.29,7.04728E+12
69,2019-10-29,3,29,10,2019,1463.65,1479.78,1463.14,7.00019E+12
70,2019-10-28,2,28,10,2019,1480.13,1481.29,1474.12,7.07901E+12
71,2019-10-25,6,25,10,2019,1467.66,1469.23,1450.69,7.01938E+12
72,2019-10-24,5,24,10,2019,1454.82,1460.9,1437.74,6.95797E+12
73,2019-10-23,4,23,10,2019,1436.94,1436.94,1427.81,6.87258E+12
74,2019-10-22,3,22,10,2019,1431.46,1449.7,1429.87,6.84635E+12
75,2019-10-21,2,21,10,2019,1434.85,1437.43,1423.2,6.86255E+12
76,2019-10-18,6,18,10,2019,1431.07,1448.72,1422.23,6.84447E+12
77,2019-10-17,5,17,10,2019,1451.16,1461.31,1445.07,6.94055E+12
78,2019-10-16,4,16,10,2019,1451.27,1456.52,1442.35,6.94111E+12
79,2019-10-15,3,15,10,2019,1458.5,1466.36,1454.78,6.97567E+12
80,2019-10-14,2,14,10,2019,1462.36,1468.78,1454.8,6.99413E+12
81,2019-10-11,6,11,10,2019,1450.83,1464.64,1448.43,6.93898E+12
82,2019-10-10,5,10,10,2019,1478.6,1486.98,1451.87,7.0718E+12
83,2019-10-09,4,9,10,2019,1477.01,1483.31,1469.2,7.06423E+12
84,2019-10-08,3,8,10,2019,1460.6,1481.15,1459.63,6.98585E+12
85,2019-10-07,2,7,10,2019,1471.05,1484.16,1468.8,7.03582E+12
86,2019-10-04,6,4,10,2019,1479.63,1479.63,1463.4,7.07686E+12
87,2019-10-03,5,3,10,2019,1444.69,1452.03,1411.45,6.90972E+12
88,2019-10-02,4,2,10,2019,1439.47,1457.89,1432.03,6.88626E+12
89,2019-10-01,3,1,10,2019,1474.66,1502.53,1463.01,7.05461E+12
90,2019-09-30,2,30,9,2019,1474.95,1482.27,1465.56,7.05683E+12
91,2019-09-27,6,27,9,2019,1463.31,1483.4,1455.38,7.00127E+12
92,2019-09-26,5,26,9,2019,1477.63,1484.58,1464.59,7.07019E+12
93,2019-09-25,4,25,9,2019,1478.41,1484.73,1448.23,7.07394E+12
94,2019-09-24,3,24,9,2019,1449.23,1478.76,1442.91,6.93429E+12
95,2019-09-23,2,23,9,2019,1475.24,1479.79,1470.63,7.0588E+12
96,2019-09-20,6,20,9,2019,1467.49,1490.11,1464.13,7.05248E+12
97,2019-09-19,5,19,9,2019,1483.59,1493.8,1473.53,7.1307E+12
98,2019-09-18,4,18,9,2019,1481.81,1481.99,1466.71,7.12218E+12
99,2019-09-17,3,17,9,2019,1481.86,1484.3,1471.11,7.12239E+12
100,2019-09-16,2,16,9,2019,1482.63,1485.93,1475.14,7.12608E+12
101,2019-09-13,6,13,9,2019,1485.56,1492.43,1479.08,7.14017E+12
102,2019-09-12,5,12,9,2019,1505.53,1515.2,1503.28,7.23628E+12
103,2019-09-11,4,11,9,2019,1497.99,1501.32,1486.23,7.2012E+12
104,2019-09-10,3,10,9,2019,1482.99,1483.56,1467.47,7.12979E+12
105,2019-09-09,2,9,9,2019,1487.6,1496.62,1479.56,7.15198E+12
106,2019-09-06,6,6,9,2019,1494.94,1501.67,1490.33,7.18725E+12
107,2019-09-05,5,5,9,2019,1495.57,1499.5,1482.33,7.19027E+12
108,2019-09-04,4,4,9,2019,1483.9,1484.03,1473.72,7.13537E+12
109,2019-09-03,3,3,9,2019,1474.78,1494.66,1469.2,7.09151E+12
110,2019-08-30,6,30,8,2019,1480.21,1489.22,1469.71,7.11772E+12
111,2019-08-29,5,29,8,2019,1479.26,1485.99,1470.6,7.11329E+12
112,2019-08-28,4,28,8,2019,1455.2,1458.66,1438.1,6.99817E+12
113,2019-08-27,3,27,8,2019,1444.47,1457.69,1435.51,6.94673E+12
114,2019-08-26,2,26,8,2019,1452.46,1452.98,1440.18,6.98515E+12
115,2019-08-23,6,23,8,2019,1425.28,1478.92,1419.61,6.85453E+12
116,2019-08-22,5,22,8,2019,1474.26,1488.38,1463.03,7.09013E+12
117,2019-08-21,4,21,8,2019,1494,1498.29,1488.52,7.18511E+12
118,2019-08-20,3,20,8,2019,1480.44,1493.91,1475.74,7.12036E+12
119,2019-08-19,2,19,8,2019,1490.63,1495.91,1485.72,7.16984E+12
120,2019-08-16,6,16,8,2019,1467.28,1470.64,1452.31,7.05788E+12
121,2019-08-15,5,15,8,2019,1447.91,1454.04,1436.44,6.96472E+12
122,2019-08-14,4,14,8,2019,1454.01,1479.32,1453.49,6.99413E+12
123,2019-08-13,3,13,8,2019,1499.25,1508.65,1464.44,7.1892E+12
124,2019-08-12,2,12,8,2019,1465.36,1478.92,1459.8,7.02678E+12
125,2019-08-09,6,9,8,2019,1482.42,1496.88,1471.46,7.10861E+12
126,2019-08-08,5,8,8,2019,1490.35,1490.65,1463.79,7.14939E+12
127,2019-08-07,4,7,8,2019,1454.64,1459.64,1422.64,6.97813E+12
128,2019-08-06,3,6,8,2019,1446.77,1453.6,1431.52,6.94074E+12
129,2019-08-05,2,5,8,2019,1429.58,1449.44,1417.54,6.85961E+12
130,2019-08-02,6,2,8,2019,1485.57,1495.48,1472.26,7.12827E+12
131,2019-08-01,5,1,8,2019,1502.71,1542.63,1496.24,7.21052E+12
132,2019-07-31,4,31,7,2019,1500.15,1529.74,1497.79,7.19826E+12
133,2019-07-30,3,30,7,2019,1531.42,1535.35,1522.3,7.34857E+12
134,2019-07-29,2,29,7,2019,1528.66,1530.25,1515.41,7.33592E+12
135,2019-07-26,6,26,7,2019,1514.49,1516.77,1503.73,7.26791E+12
136,2019-07-25,5,25,7,2019,1485.03,1495.47,1485.03,7.12654E+12
137,2019-07-24,4,24,7,2019,1499.67,1501.81,1485.32,7.19679E+12
138,2019-07-23,3,23,7,2019,1496.58,1496.68,1484.31,7.18207E+12
139,2019-07-22,2,22,7,2019,1480.25,1484.87,1473.68,7.10373E+12
140,2019-07-19,6,19,7,2019,1466.22,1486.27,1466.15,7.0364E+12
141,2019-07-18,5,18,7,2019,1481.55,1481.55,1465.97,7.10995E+12
142,2019-07-17,4,17,7,2019,1485.09,1497.1,1484.73,7.12696E+12
143,2019-07-16,3,16,7,2019,1493.75,1502.79,1489.56,7.16849E+12
144,2019-07-15,2,15,7,2019,1489.86,1490.03,1482.54,7.14983E+12
145,2019-07-12,6,12,7,2019,1479.75,1479.75,1472.4,7.10133E+12
146,2019-07-11,5,11,7,2019,1473.85,1482.63,1471.28,7.07302E+12
147,2019-07-10,4,10,7,2019,1480.11,1483.43,1471.18,7.10304E+12
148,2019-07-09,3,9,7,2019,1469.18,1470.86,1454.3,7.05061E+12
149,2019-07-08,2,8,7,2019,1455.79,1457.4,1451.21,6.98643E+12
150,2019-07-05,6,5,7,2019,1466.93,1467.54,1454.91,7.0399E+12
151,2019-07-03,4,3,7,2019,1463.56,1463.56,1452.63,7.02373E+12
152,2019-07-02,3,2,7,2019,1448.99,1449.11,1435.53,6.95512E+12
153,2019-07-01,2,1,7,2019,1436.32,1446.31,1430.95,6.89511E+12
154,2019-06-28,6,28,6,2019,1409.96,1415.75,1405.47,6.76856E+12
155,2019-06-27,5,27,6,2019,1412.99,1416.23,1408.63,6.7831E+12
156,2019-06-26,4,26,6,2019,1407.24,1418.48,1403.76,6.756E+12
157,2019-06-25,3,25,6,2019,1395.9,1421.09,1395.9,6.70154E+12
158,2019-06-24,2,24,6,2019,1419.63,1425.37,1417.24,6.81547E+12
159,2019-06-21,6,21,6,2019,1423.99,1432.23,1417.58,6.86111E+12
160,2019-06-20,5,20,6,2019,1424.96,1433.37,1414.08,6.86663E+12
161,2019-06-19,4,19,6,2019,1419.72,1421.16,1406.82,6.8414E+12
162,2019-06-18,3,18,6,2019,1423.82,1435.06,1417.69,6.86117E+12
163,2019-06-17,2,17,6,2019,1401.9,1406.81,1391.74,6.75552E+12
164,2019-06-14,6,14,6,2019,1387.37,1393.7,1381.04,6.68554E+12
165,2019-06-13,5,13,6,2019,1384.88,1388.11,1381.04,6.67354E+12
166,2019-06-12,4,12,6,2019,1373.22,1379.44,1369.58,6.61856E+12
167,2019-06-11,3,11,6,2019,1381.4,1397.17,1375.99,6.65798E+12
168,2019-06-10,2,10,6,2019,1382.33,1395.88,1377.62,6.66261E+12
169,2019-06-07,6,7,6,2019,1359.54,1364.59,1342.07,6.55284E+12
170,2019-06-06,5,6,6,2019,1338.24,1343.03,1323.3,6.4502E+12
171,2019-06-05,4,5,6,2019,1326,1331.14,1312.38,6.39237E+12
172,2019-06-04,3,4,6,2019,1321.85,1322.04,1293.99,6.37296E+12
173,2019-06-03,2,3,6,2019,1291.52,1319.34,1279.43,6.22675E+12
174,2019-05-31,6,31,5,2019,1322,1331.22,1317.59,6.37367E+12
175,2019-05-30,5,30,5,2019,1345.06,1347.77,1335.68,6.48486E+12
176,2019-05-29,4,29,5,2019,1335.37,1340.46,1328.27,6.43912E+12
177,2019-05-28,3,28,5,2019,1342.17,1356.49,1341.73,6.47197E+12
178,2019-05-24,6,24,5,2019,1344.47,1359.77,1340.68,6.4831E+12
179,2019-05-23,5,23,5,2019,1348.2,1357.95,1338.86,6.50107E+12
180,2019-05-22,4,22,5,2019,1370.05,1379.43,1361.79,6.60657E+12
181,2019-05-21,3,21,5,2019,1362.16,1374.69,1360.94,6.56874E+12
182,2019-05-20,2,20,5,2019,1353.73,1363.79,1350.1,6.52824E+12
183,2019-05-17,6,17,5,2019,1377.06,1395.91,1375.85,6.64088E+12
184,2019-05-16,5,16,5,2019,1384.8,1395.64,1368.85,6.67865E+12
185,2019-05-15,4,15,5,2019,1362.77,1369.06,1338.02,6.57313E+12
186,2019-05-14,3,14,5,2019,1338.41,1347.56,1326.9,6.45823E+12
187,2019-05-13,2,13,5,2019,1317.21,1332.63,1315.85,6.35619E+12
188,2019-05-10,6,10,5,2019,1359.51,1368.8,1330.95,6.56042E+12
189,2019-05-09,5,9,5,2019,1359.64,1363.89,1340.22,6.5637E+12
190,2019-05-08,4,8,5,2019,1368.14,1378.11,1362.44,6.60498E+12
191,2019-05-07,3,7,5,2019,1366.66,1385.9,1352.65,6.59818E+12
192,2019-05-06,2,6,5,2019,1389.71,1390.68,1366.75,6.70954E+12
193,2019-05-03,6,3,5,2019,1395.81,1396.01,1385.71,6.74009E+12
194,2019-05-02,5,2,5,2019,1382.84,1395.78,1374.37,6.67807E+12
195,2019-05-01,4,1,5,2019,1382.83,1400.41,1382.75,6.67801E+12
196,2019-04-30,3,30,4,2019,1393.01,1395.49,1384.42,6.72718E+12
197,2019-04-29,2,29,4,2019,1415.63,1417.51,1412.31,6.83648E+12
198,2019-04-26,6,26,4,2019,1412.03,1413.61,1398.53,6.8191E+12
199,2019-04-25,5,25,4,2019,1413.35,1421.81,1406.92,6.82564E+12
200,2019-04-24,4,24,4,2019,1402.21,1413.5,1402.17,6.77181E+12
201,2019-04-23,3,23,4,2019,1408.79,1410.6,1390.86,6.80361E+12
202,2019-04-22,2,22,4,2019,1387.06,1387.26,1375.86,6.69874E+12
203,2019-04-18,5,18,4,2019,1379.38,1382.46,1372.4,6.66166E+12
204,2019-04-17,4,17,4,2019,1373.6,1379.85,1370.59,6.63373E+12
205,2019-04-16,3,16,4,2019,1368.42,1371.18,1364.95,6.60875E+12
206,2019-04-15,2,15,4,2019,1357.5,1361.43,1349.2,6.556E+12
207,2019-04-12,6,12,4,2019,1358.78,1361.92,1352.03,6.56217E+12
208,2019-04-11,5,11,4,2019,1354.46,1360.12,1354.46,6.5413E+12
209,2019-04-10,4,10,4,2019,1357.06,1357.16,1350.08,6.55384E+12
210,2019-04-09,3,9,4,2019,1353.78,1359.91,1350.91,6.53805E+12
211,2019-04-08,2,8,4,2019,1359.15,1359.15,1348.57,6.56404E+12
212,2019-04-05,6,5,4,2019,1359.37,1361.41,1353.04,6.56511E+12
213,2019-04-04,5,4,4,2019,1345.32,1348.1,1337.53,6.49724E+12
214,2019-04-03,4,3,4,2019,1337.75,1346.82,1333.1,6.46201E+12
215,2019-04-02,3,2,4,2019,1342.78,1342.8,1331.42,6.48628E+12
216,2019-04-01,2,1,4,2019,1327.21,1330.94,1319.93,6.41183E+12
217,2019-03-29,6,29,3,2019,1321.03,1323.92,1310.84,6.38199E+12
218,2019-03-28,5,28,3,2019,1305.04,1310.22,1297.6,6.30471E+12
219,2019-03-27,4,27,3,2019,1292.38,1301.33,1279.65,6.24403E+12
220,2019-03-26,3,26,3,2019,1297.76,1307.7,1291.15,6.27028E+12
221,2019-03-25,2,25,3,2019,1292.95,1297.79,1282.98,6.24702E+12
222,2019-03-22,6,22,3,2019,1292.65,1323.76,1292.65,6.24557E+12
223,2019-03-21,5,21,3,2019,1337.12,1340.84,1306.16,6.46044E+12
224,2019-03-20,4,20,3,2019,1305.41,1307.47,1292.81,6.30722E+12
225,2019-03-19,3,19,3,2019,1292.37,1299.25,1286.62,6.29856E+12
226,2019-03-18,2,18,3,2019,1292.49,1295.01,1285.97,6.29928E+12
227,2019-03-15,6,15,3,2019,1283.6,1286.68,1278.32,6.29286E+12
228,2019-03-14,5,14,3,2019,1271.71,1279.78,1271.66,6.23472E+12
229,2019-03-13,4,13,3,2019,1279.39,1288.04,1274.99,6.27319E+12
230,2019-03-12,3,12,3,2019,1282.32,1289.49,1271.51,6.28755E+12
231,2019-03-11,2,11,3,2019,1275.54,1275.54,1258.94,6.2543E+12
232,2019-03-08,6,8,3,2019,1256.8,1257.97,1239.43,6.16245E+12
233,2019-03-07,5,7,3,2019,1249.12,1262.25,1248.85,6.12475E+12
234,2019-03-06,4,6,3,2019,1260.96,1270.33,1257.2,6.18356E+12
235,2019-03-05,3,5,3,2019,1272.51,1273.15,1263.39,6.24083E+12
236,2019-03-04,2,4,3,2019,1265.66,1274.26,1250.46,6.20724E+12
237,2019-03-01,6,1,3,2019,1258.96,1266.76,1250.03,6.17437E+12
238,2019-02-28,5,28,2,2019,1244.04,1252.78,1241.82,6.10121E+12
239,2019-02-27,4,27,2,2019,1243.88,1248.44,1232.32,6.1019E+12
240,2019-02-26,3,26,2,2019,1254.03,1263.64,1248.43,6.15197E+12
241,2019-02-25,2,25,2,2019,1269.2,1277.83,1265.14,6.22637E+12
242,2019-02-22,6,22,2,2019,1265.68,1266.25,1258.52,6.20919E+12
243,2019-02-21,5,21,2,2019,1254.87,1262.73,1249.62,6.15614E+12
244,2019-02-20,4,20,2,2019,1259.96,1268.5,1252.19,6.1811E+12
245,2019-02-19,3,19,2,2019,1263.28,1268.7,1259.34,6.20027E+12
246,2019-02-15,6,15,2,2019,1279.3,1284.37,1270.49,6.27889E+12
247,2019-02-14,5,14,2,2019,1280.02,1282.7,1268.76,6.2825E+12
248,2019-02-13,4,13,2,2019,1268.5,1276.79,1267.99,6.22719E+12
249,2019-02-12,3,12,2,2019,1268.14,1269.09,1255.08,6.2254E+12
250,2019-02-11,2,11,2,2019,1250.86,1258.97,1248.32,6.1406E+12
251,2019-02-08,6,8,2,2019,1243.92,1244.99,1229.71,6.10661E+12
252,2019-02-07,5,7,2,2019,1239.16,1247.95,1230.49,6.08789E+12
253,2019-02-06,4,6,2,2019,1256.61,1262.56,1251.78,6.17385E+12
254,2019-02-05,3,5,2,2019,1263.29,1263.43,1250.05,6.20819E+12
255,2019-02-04,2,4,2,2019,1238.15,1242.25,1225.86,6.08476E+12
256,2019-02-01,6,1,2,2019,1222.2,1232.2,1220.16,6.00635E+12
257,2019-01-31,5,31,1,2019,1222.02,1229.14,1214.15,6.0055E+12
258,2019-01-30,4,30,1,2019,1212.26,1212.35,1190.24,5.95775E+12
259,2019-01-29,3,29,1,2019,1174.12,1182.83,1170.47,5.77095E+12
260,2019-01-28,2,28,1,2019,1184.64,1185.06,1175.23,5.82268E+12
261,2019-01-25,6,25,1,2019,1199.33,1202.19,1193.14,5.8949E+12
262,2019-01-24,5,24,1,2019,1195.74,1197.06,1188.22,5.87724E+12
263,2019-01-23,4,23,1,2019,1186.29,1196.99,1172.75,5.8308E+12
264,2019-01-22,3,22,1,2019,1193.58,1213.87,1185.67,5.8666E+12
265,2019-01-18,6,18,1,2019,1223.32,1230.56,1212.64,6.01281E+12
266,2019-01-17,5,17,1,2019,1211.11,1211.31,1196.08,5.9528E+12
267,2019-01-16,4,16,1,2019,1206.65,1213.86,1204.2,5.93088E+12
268,2019-01-15,3,15,1,2019,1211.89,1222.38,1190.56,5.95661E+12
269,2019-01-14,2,14,1,2019,1178.86,1187.94,1178.86,5.79425E+12
270,2019-01-11,6,11,1,2019,1198.04,1199.28,1189.72,5.88854E+12
271,2019-01-10,5,10,1,2019,1205.82,1209.81,1188.58,5.92677E+12
272,2019-01-09,4,9,1,2019,1205.48,1208.18,1194.37,5.92511E+12
273,2019-01-08,3,8,1,2019,1197.48,1201.22,1180.42,5.88588E+12
274,2019-01-07,2,7,1,2019,1182.51,1187.79,1167.8,5.81232E+12
275,2019-01-04,6,4,1,2019,1174.98,1178.08,1149.33,5.77528E+12
276,2019-01-03,5,3,1,2019,1135.23,1162.94,1130.64,5.57993E+12
277,2019-01-02,4,2,1,2019,1174.29,1181.41,1144.5,5.77326E+12
278,2018-12-31,2,31,12,2018,1156.29,1158.98,1144.31,5.68477E+12
279,2018-12-28,6,28,12,2018,1152.64,1170.67,1143.39,5.66754E+12
280,2018-12-27,5,27,12,2018,1157.69,1158.36,1111.68,5.69272E+12
281,2018-12-26,4,26,12,2018,1149.43,1152.48,1085.46,5.65238E+12
282,2018-12-24,2,24,12,2018,1078.9,1112.18,1078.11,5.30555E+12
283,2018-12-21,6,21,12,2018,1109.66,1159.88,1108.16,5.49164E+12
284,2018-12-20,5,20,12,2018,1149.28,1173.02,1129.35,5.68773E+12
285,2018-12-19,4,19,12,2018,1166.91,1208.69,1158.02,5.77497E+12
286,2018-12-18,3,18,12,2018,1195.37,1206.19,1184.02,5.91583E+12
287,2018-12-17,2,17,12,2018,1189.1,1221.49,1179.46,5.88585E+12
288,2018-12-14,6,14,12,2018,1221.12,1243.37,1216.83,6.04432E+12
289,2018-12-13,5,13,12,2018,1247.34,1257.63,1235.82,6.17413E+12
290,2018-12-12,4,12,12,2018,1242.18,1262.92,1242.03,6.15006E+12
291,2018-12-11,3,11,12,2018,1244.63,1256.88,1234.31,6.1622E+12
292,2018-12-10,2,10,12,2018,1240.1,1242.22,1211.38,6.13974E+12
293,2018-12-07,6,7,12,2018,1205.27,1248.28,1202.74,5.96734E+12
294,2018-12-06,5,6,12,2018,1244.14,1244.44,1206.66,6.15977E+12
295,2018-12-04,3,4,12,2018,1241,1285.96,1240.69,6.14596E+12
296,2018-12-03,2,3,12,2018,1288.91,1298.73,1281.1,6.38336E+12
297,2018-11-30,6,30,11,2018,1265.98,1267.32,1252.93,6.26979E+12
298,2018-11-29,5,29,11,2018,1253.85,1261.66,1244.53,6.20971E+12
299,2018-11-28,4,28,11,2018,1260.12,1260.21,1222.43,6.24102E+12
300,2018-11-27,3,27,11,2018,1222.62,1225.33,1203.83,6.05554E+12
301,2018-11-26,2,26,11,2018,1210.31,1211.65,1192.97,5.99456E+12
302,2018-11-23,6,23,11,2018,1184.79,1194.05,1182.01,5.86818E+12
303,2018-11-21,4,21,11,2018,1196.08,1207.97,1193.12,5.92411E+12
304,2018-11-20,3,20,11,2018,1182.89,1199.94,1168.18,5.85914E+12
305,2018-11-19,2,19,11,2018,1200.34,1238.15,1197.59,5.94585E+12
306,2018-11-16,6,16,11,2018,1243.11,1250.5,1227.52,6.14388E+12
307,2018-11-15,5,15,11,2018,1252.41,1256.64,1218.71,6.18991E+12
308,2018-11-14,4,14,11,2018,1209.66,1239.18,1206.19,5.97987E+12
309,2018-11-13,3,13,11,2018,1220.63,1241.39,1220.59,6.04692E+12
310,2018-11-12,2,12,11,2018,1232.64,1258.44,1231.9,6.1064E+12
311,2018-11-09,6,9,11,2018,1254.65,1266.36,1249.5,6.21548E+12
312,2018-11-08,5,8,11,2018,1266.39,1274.75,1265.82,6.27376E+12
313,2018-11-07,4,7,11,2018,1272.75,1273.13,1245.62,6.30871E+12
314,2018-11-06,3,6,11,2018,1240.08,1247.51,1227.61,6.14677E+12
315,2018-11-05,2,5,11,2018,1236.4,1239.45,1221.82,6.1296E+12
316,2018-11-02,6,2,11,2018,1246.87,1265.88,1236.86,6.17358E+12
317,2018-11-01,5,1,11,2018,1264.44,1264.44,1245.36,6.26058E+12
318,2018-10-31,4,31,10,2018,1265.3,1277.96,1257.53,6.26483E+12
319,2018-10-30,3,30,10,2018,1241.27,1244.69,1210.08,6.14605E+12
320,2018-10-29,2,29,10,2018,1216.45,1262.49,1191.67,6.02372E+12
321,2018-10-26,6,26,10,2018,1240.19,1261.28,1220.5,6.14127E+12
322,2018-10-25,5,25,10,2018,1270.46,1278.62,1239.98,6.29118E+12
323,2018-10-24,4,24,10,2018,1219.98,1277.94,1219.63,6.04123E+12
324,2018-10-23,3,23,10,2018,1273.23,1277.04,1239.09,6.30491E+12
325,2018-10-22,2,22,10,2018,1277.24,1286.86,1267.63,6.32487E+12
326,2018-10-19,6,19,10,2018,1264.2,1284.61,1257.4,6.26027E+12
327,2018-10-18,5,18,10,2018,1262.87,1284.4,1261.23,6.25369E+12
328,2018-10-17,4,17,10,2018,1285.81,1292.67,1273.23,6.36731E+12
329,2018-10-16,3,16,10,2018,1277.98,1282.43,1251.99,6.32852E+12
330,2018-10-15,2,15,10,2018,1248.06,1260.58,1245.15,6.18035E+12
331,2018-10-12,6,12,10,2018,1262.15,1266.25,1238.33,6.25015E+12
332,2018-10-11,5,11,10,2018,1223.07,1249.59,1208.19,6.05659E+12
333,2018-10-10,4,10,10,2018,1238.28,1289.89,1238.28,6.13191E+12
334,2018-10-09,3,9,10,2018,1306.52,1315.91,1297.82,6.46984E+12
335,2018-10-08,2,8,10,2018,1305.41,1316.96,1289.57,6.46445E+12
336,2018-10-05,6,5,10,2018,1312.76,1331.72,1297.73,6.50083E+12
337,2018-10-04,5,4,10,2018,1333.85,1356.32,1325.46,6.60528E+12
338,2018-10-03,4,3,10,2018,1362.32,1370.87,1362.05,6.74746E+12
339,2018-10-02,3,2,10,2018,1363.09,1372.76,1360.15,6.75132E+12
340,2018-10-01,2,1,10,2018,1359.54,1369.1,1356.44,6.73435E+12
341,2018-09-28,6,28,9,2018,1356.73,1360.21,1352.78,6.72048E+12
342,2018-09-27,5,27,9,2018,1349.21,1356.55,1342.95,6.68322E+12
343,2018-09-26,4,26,9,2018,1330.58,1343.57,1329.78,6.59131E+12
344,2018-09-25,3,25,9,2018,1332.67,1334.02,1325.94,6.60167E+12
345,2018-09-24,2,24,9,2018,1332.4,1336.34,1313.1,6.60035E+12
346,2018-09-21,6,21,9,2018,1333.59,1349.68,1333.59,6.63342E+12
347,2018-09-20,5,20,9,2018,1324.64,1327.87,1314.43,6.58889E+12
348,2018-09-19,4,19,9,2018,1320.83,1326.58,1312.6,6.56994E+12
349,2018-09-18,3,18,9,2018,1321.55,1327.59,1310.58,6.57352E+12
350,2018-09-17,2,17,9,2018,1310.94,1328.88,1308.75,6.52143E+12
351,2018-09-14,6,14,9,2018,1338.36,1344.35,1333.27,6.65782E+12
352,2018-09-13,5,13,9,2018,1339.18,1342.3,1332.46,6.66191E+12
353,2018-09-12,4,12,9,2018,1333.31,1337.65,1321.83,6.63353E+12
354,2018-09-11,3,11,9,2018,1339.14,1340.6,1321.36,6.66258E+12
355,2018-09-10,2,10,9,2018,1326.29,1329.42,1318.56,6.59901E+12
356,2018-09-07,6,7,9,2018,1330.28,1342.64,1323.88,6.61891E+12
357,2018-09-06,5,6,9,2018,1334.59,1350.28,1327.31,6.64034E+12
358,2018-09-05,4,5,9,2018,1346.16,1359.69,1340.72,6.69891E+12
359,2018-09-04,3,4,9,2018,1377.17,1381.44,1368.76,6.85324E+12
360,2018-08-31,6,31,8,2018,1365.19,1371.64,1364.2,6.79432E+12
361,2018-08-30,5,30,8,2018,1362.18,1371.64,1357.83,6.77934E+12
362,2018-08-29,4,29,8,2018,1366.46,1369.95,1356.82,6.80114E+12
363,2018-08-28,3,28,8,2018,1362.28,1365.15,1357.99,6.78052E+12
364,2018-08-27,2,27,8,2018,1359.28,1359.65,1351.22,6.76558E+12
365,2018-08-24,6,24,8,2018,1349.32,1351.29,1341.61,6.716E+12
366,2018-08-23,5,23,8,2018,1338.87,1349.41,1337.32,6.66397E+12
367,2018-08-22,4,22,8,2018,1333.12,1334.58,1322.88,6.63538E+12
368,2018-08-21,3,21,8,2018,1332.62,1340.9,1327.59,6.63328E+12
369,2018-08-20,2,20,8,2018,1338.93,1341.95,1333.06,6.66479E+12
370,2018-08-17,6,17,8,2018,1342.18,1344.56,1331.24,6.68106E+12
371,2018-08-16,5,16,8,2018,1343.04,1352.83,1341.66,6.68573E+12
372,2018-08-15,4,15,8,2018,1345.13,1354.81,1334.99,6.6974E+12
373,2018-08-14,3,14,8,2018,1352.66,1358.41,1340.16,6.7375E+12
374,2018-08-13,2,13,8,2018,1341.76,1353.18,1341.76,6.68331E+12
375,2018-08-10,6,10,8,2018,1343.2,1352.12,1340.42,6.69053E+12
376,2018-08-09,5,9,8,2018,1343.38,1350.98,1340.28,6.69425E+12
377,2018-08-08,4,8,8,2018,1342.38,1346.11,1337.37,6.68929E+12
378,2018-08-07,3,7,8,2018,1333.71,1338.18,1330.19,6.64648E+12
379,2018-08-06,2,6,8,2018,1330.91,1330.91,1321.44,6.63258E+12
380,2018-08-03,6,3,8,2018,1314.92,1316.47,1305.18,6.55403E+12
381,2018-08-02,5,2,8,2018,1309.36,1311.75,1280.02,6.52633E+12
382,2018-08-01,4,1,8,2018,1282.82,1286.78,1275.39,6.39405E+12
383,2018-07-31,3,31,7,2018,1276.09,1282.88,1266.09,6.36051E+12
384,2018-07-30,2,30,7,2018,1266.34,1287.28,1261.52,6.31212E+12
385,2018-07-27,6,27,7,2018,1286.55,1313.79,1280.61,6.41335E+12
386,2018-07-26,5,26,7,2018,1302.5,1311.33,1300.05,6.49286E+12
387,2018-07-25,4,25,7,2018,1321.48,1321.51,1301.25,6.58746E+12
388,2018-07-24,3,24,7,2018,1303.22,1317.21,1299.25,6.49645E+12
389,2018-07-23,2,23,7,2018,1301,1302.92,1288.08,6.48544E+12
390,2018-07-20,6,20,7,2018,1298.62,1306.63,1294.12,6.3525E+12
391,2018-07-19,5,19,7,2018,1308.89,1317.23,1306.08,6.40273E+12
392,2018-07-18,4,18,7,2018,1310.87,1315.44,1307.63,6.41244E+12
393,2018-07-17,3,17,7,2018,1302.24,1311.24,1281.24,6.37019E+12
394,2018-07-16,2,16,7,2018,1287.35,1292.33,1285.02,6.29736E+12
395,2018-07-13,6,13,7,2018,1293.27,1296.85,1288.26,6.32633E+12
396,2018-07-12,5,12,7,2018,1289.35,1291.15,1273.27,6.30713E+12
397,2018-07-11,4,11,7,2018,1265.65,1273.08,1259.95,6.19121E+12
398,2018-07-10,3,10,7,2018,1270.77,1274.29,1265.55,6.21624E+12
399,2018-07-09,2,9,7,2018,1270.14,1272.24,1257.09,6.21318E+12
400,2018-07-06,6,6,7,2018,1256.72,1259,1239.88,6.14759E+12
401,2018-07-05,5,5,7,2018,1242.91,1244.47,1229.44,6.08006E+12
402,2018-07-03,3,3,7,2018,1232.1,1251.59,1232.1,6.02834E+12
403,2018-07-02,2,2,7,2018,1251.43,1251.44,1231.05,6.1229E+12
404,2018-06-29,6,29,6,2018,1234,1248.35,1232.35,6.0383E+12
405,2018-06-28,5,28,6,2018,1242.7,1249.26,1227.22,6.08084E+12
406,2018-06-27,4,27,6,2018,1226.57,1254.12,1226.51,6.0023E+12
407,2018-06-26,3,26,6,2018,1235.87,1245.21,1229.68,6.04782E+12
408,2018-06-25,2,25,6,2018,1227.51,1244.17,1215.48,6.00692E+12
409,2018-06-22,6,22,6,2018,1254.88,1260.93,1252.33,6.14083E+12
410,2018-06-21,5,21,6,2018,1259.64,1275.91,1257.98,6.16415E+12
411,2018-06-20,4,20,6,2018,1278.54,1283.08,1274.12,6.2566E+12
412,2018-06-19,3,19,6,2018,1269.87,1270.06,1254.62,6.21417E+12
413,2018-06-18,2,18,6,2018,1266.91,1268.01,1255.84,6.20036E+12
414,2018-06-15,6,15,6,2018,1263.37,1265.87,1258.55,6.22711E+12
415,2018-06-14,5,14,6,2018,1263.2,1269.58,1255.58,6.22625E+12
416,2018-06-13,4,13,6,2018,1246.96,1255.94,1245.52,6.14676E+12
417,2018-06-12,3,12,6,2018,1248.95,1248.95,1240.51,6.15656E+12
418,2018-06-11,2,11,6,2018,1238.28,1243.15,1234.1,6.10397E+12
419,2018-06-08,6,8,6,2018,1234.6,1235.67,1227.44,6.08592E+12
420,2018-06-07,5,7,6,2018,1233.12,1246.13,1226.9,6.07862E+12
421,2018-06-06,4,6,6,2018,1241.99,1243.56,1229.31,6.12317E+12
422,2018-06-05,3,5,6,2018,1242.39,1245.19,1233.5,6.12514E+12
423,2018-06-04,2,4,6,2018,1239.27,1241.96,1228.74,6.10991E+12
424,2018-06-01,6,1,6,2018,1229.25,1229.3,1217.2,6.06048E+12
425,2018-05-31,5,31,5,2018,1211.13,1220.74,1208.54,5.97116E+12
426,2018-05-30,4,30,5,2018,1215.6,1217.45,1207.41,5.9932E+12
427,2018-05-29,3,29,5,2018,1207.19,1212.98,1201.66,5.95196E+12
428,2018-05-25,6,25,5,2018,1209.17,1212.82,1204.32,5.96241E+12
429,2018-05-24,5,24,5,2018,1201.71,1203.17,1190.04,5.92564E+12
430,2018-05-23,4,23,5,2018,1205.32,1205.51,1186.29,5.94344E+12
431,2018-05-22,3,22,5,2018,1187.88,1194.89,1184.85,5.85768E+12
432,2018-05-21,2,21,5,2018,1191.13,1196.46,1184.95,5.87371E+12
433,2018-05-18,6,18,5,2018,1178.35,1184.17,1176.67,5.81083E+12
434,2018-05-17,5,17,5,2018,1181.86,1190.84,1175.21,5.82823E+12
435,2018-05-16,4,16,5,2018,1188.24,1190.55,1180.13,5.86062E+12
436,2018-05-15,3,15,5,2018,1179.39,1185.74,1172.27,5.82018E+12
437,2018-05-14,2,14,5,2018,1183.73,1191.61,1183.73,5.84163E+12
438,2018-05-11,6,11,5,2018,1185.38,1188.73,1180.5,5.85001E+12
439,2018-05-10,5,10,5,2018,1194.06,1194.07,1177.58,5.89558E+12
440,2018-05-09,4,9,5,2018,1172.38,1175.06,1157.71,5.78875E+12
441,2018-05-08,3,8,5,2018,1164.28,1167.81,1154.12,5.74909E+12
442,2018-05-07,2,7,5,2018,1161.01,1165.97,1157.75,5.73306E+12
443,2018-05-04,6,4,5,2018,1156.41,1156.79,1130.02,5.7104E+12
444,2018-05-03,5,3,5,2018,1132.64,1133.64,1114.67,5.59448E+12
445,2018-05-02,4,2,5,2018,1128.02,1138.17,1127.9,5.57166E+12
446,2018-05-01,3,1,5,2018,1134.75,1134.75,1113.16,5.60495E+12
447,2018-04-30,2,30,4,2018,1107.2,1127.21,1105.65,5.46886E+12
448,2018-04-27,6,27,4,2018,1113.84,1131.23,1107.43,5.50172E+12
449,2018-04-26,5,26,4,2018,1101.84,1106.65,1085.79,5.44253E+12
450,2018-04-25,4,25,4,2018,1079.08,1083.61,1063.98,5.33012E+12
451,2018-04-24,3,24,4,2018,1076.07,1105.66,1067.56,5.31524E+12
452,2018-04-23,2,23,4,2018,1100.38,1112.45,1095.26,5.4354E+12
453,2018-04-20,6,20,4,2018,1097.7,1111.64,1093.67,5.42212E+12
454,2018-04-19,5,19,4,2018,1099.65,1113.02,1098.06,5.43178E+12
455,2018-04-18,4,18,4,2018,1108.22,1114.46,1100.67,5.47411E+12
456,2018-04-17,3,17,4,2018,1099.89,1104.39,1085.58,5.43295E+12
457,2018-04-16,2,16,4,2018,1075.38,1079.77,1068.76,5.31187E+12
458,2018-04-13,6,13,4,2018,1074.01,1085.55,1069.65,5.30514E+12
459,2018-04-12,5,12,4,2018,1079.71,1086.3,1075.99,5.33329E+12
460,2018-04-11,4,11,4,2018,1069.85,1081.21,1069.53,5.2846E+12
461,2018-04-10,3,10,4,2018,1077.55,1081.25,1064.09,5.32262E+12
462,2018-04-09,2,9,4,2018,1057.72,1079.24,1056.44,5.22466E+12
463,2018-04-06,6,6,4,2018,1054.41,1080.51,1049.14,5.20837E+12
464,2018-04-05,5,5,4,2018,1087.77,1095.31,1080.96,5.37318E+12
465,2018-04-04,4,4,4,2018,1075.24,1078.54,1037.96,5.31126E+12
466,2018-04-03,3,3,4,2018,1061.4,1064.75,1043.18,5.24401E+12
467,2018-04-02,2,2,4,2018,1049.5,1077.49,1038.82,5.18585E+12
468,2018-03-29,5,29,3,2018,1082.67,1092.25,1055.98,5.34977E+12
469,2018-03-28,4,28,3,2018,1057.38,1073.05,1049.27,5.22478E+12
470,2018-03-27,3,27,3,2018,1065.54,1109.79,1056.67,5.26567E+12
471,2018-03-26,2,26,3,2018,1095.59,1096.38,1060.4,5.41413E+12
472,2018-03-23,6,23,3,2018,1061.32,1094.79,1061.28,5.24479E+12
473,2018-03-22,5,22,3,2018,1093.97,1112.93,1092.27,5.40616E+12
474,2018-03-21,4,21,3,2018,1124.39,1134.72,1115.54,5.55649E+12
475,2018-03-20,3,20,3,2018,1133.77,1137.24,1127.22,5.60333E+12
476,2018-03-19,2,19,3,2018,1128.91,1140.46,1118.86,5.57944E+12
477,2018-03-16,6,16,3,2018,1163.66,1171.83,1160.7,5.77022E+12
478,2018-03-15,5,15,3,2018,1163.13,1168.13,1158.42,5.76768E+12
479,2018-03-14,4,14,3,2018,1164.8,1170.18,1159.14,5.77651E+12
480,2018-03-13,3,13,3,2018,1162.3,1187.81,1160.49,5.7641E+12
481,2018-03-12,2,12,3,2018,1183.7,1187.91,1180.24,5.87046E+12
482,2018-03-09,6,9,3,2018,1181.36,1182.74,1167.84,5.86201E+12
483,2018-03-08,5,8,3,2018,1162.09,1165.62,1156,5.76637E+12
484,2018-03-07,4,7,3,2018,1150.32,1150.62,1138.34,5.70888E+12
485,2018-03-06,3,6,3,2018,1148.51,1151.87,1141.35,5.69991E+12
486,2018-03-05,2,5,3,2018,1146.32,1150.77,1127.9,5.6891E+12
487,2018-03-02,6,2,3,2018,1140.79,1140.81,1113.17,5.6617E+12
488,2018-03-01,5,1,3,2018,1134.7,1156.11,1123.51,5.63145E+12
489,2018-02-28,4,28,2,2018,1147.44,1165.2,1147.44,5.69466E+12
490,2018-02-27,3,27,2,2018,1146.55,1161.87,1144.74,5.69048E+12
491,2018-02-26,2,26,2,2018,1156.55,1156.58,1144.43,5.74072E+12
492,2018-02-23,6,23,2,2018,1138.34,1138.9,1118.71,5.65035E+12
493,2018-02-22,5,22,2,2018,1118.7,1129.47,1114.98,5.55287E+12
494,2018-02-21,4,21,2,2018,1115.12,1134.71,1115.12,5.53525E+12
495,2018-02-20,3,20,2,2018,1116.33,1127.26,1109.26,5.54148E+12
496,2018-02-16,6,16,2,2018,1111.95,1123.03,1111.91,5.51991E+12
497,2018-02-15,5,15,2,2018,1114.59,1114.75,1093.82,5.53299E+12
498,2018-02-14,4,14,2,2018,1102.26,1102.26,1086.7,5.47195E+12
499,2018-02-13,3,13,2,2018,1088.2,1090.3,1075.08,5.40553E+12
500,2018-02-12,2,12,2,2018,1088.75,1093.4,1072.86,5.40825E+12
501,2018-02-09,6,9,2,2018,1070.3,1075.5,1030.94,5.31666E+12
502,2018-02-08,5,8,2,2018,1037.7,1082.66,1037.63,5.15696E+12
503,2018-02-07,4,7,2,2018,1092.11,1114.05,1092,5.42738E+12
504,2018-02-06,3,6,2,2018,1103.99,1104.18,1058.73,5.48673E+12
505,2018-02-05,2,5,2,2018,1067.06,1118.27,1066.97,5.30423E+12
506,2018-02-02,6,2,2,2018,1102.22,1119.98,1101.86,5.47906E+12
507,2018-02-01,5,1,2,2018,1116.35,1127.75,1110.12,5.54931E+12
508,2018-01-31,4,31,1,2018,1125.46,1136.05,1122.19,5.59459E+12
509,2018-01-30,3,30,1,2018,1130.53,1134.27,1123.58,5.61999E+12
510,2018-01-29,2,29,1,2018,1144.16,1149.92,1141.15,5.68824E+12
511,2018-01-26,6,26,1,2018,1140.15,1142.66,1124.47,5.66828E+12
512,2018-01-25,5,25,1,2018,1113.45,1130.45,1111.53,5.53555E+12
513,2018-01-24,4,24,1,2018,1120.16,1132.95,1114.54,5.56895E+12
514,2018-01-23,3,23,1,2018,1143.79,1147.9,1139.77,5.68641E+12
515,2018-01-22,2,22,1,2018,1138.58,1138.58,1128.2,5.66051E+12
516,2018-01-19,6,19,1,2018,1136.48,1136.48,1129.77,5.65008E+12
517,2018-01-18,5,18,1,2018,1129.53,1132.16,1124.7,5.61549E+12
518,2018-01-17,4,17,1,2018,1133.51,1133.58,1122,5.63529E+12
519,2018-01-16,3,16,1,2018,1126.22,1144.49,1121.6,5.59812E+12
520,2018-01-12,6,12,1,2018,1136.94,1136.94,1127.34,5.6514E+12
521,2018-01-11,5,11,1,2018,1141.27,1141.27,1133.44,5.67296E+12
522,2018-01-10,4,10,1,2018,1133.73,1135.47,1127.96,5.63545E+12
523,2018-01-09,3,9,1,2018,1137.04,1140.25,1134.16,5.65192E+12
524,2018-01-08,2,8,1,2018,1132.08,1134.23,1129.46,5.62731E+12
525,2018-01-05,6,5,1,2018,1129.49,1129.5,1121.71,5.61446E+12
526,2018-01-04,5,4,1,2018,1118.77,1122.77,1117.63,5.56119E+12
527,2018-01-03,4,3,1,2018,1120.25,1120.89,1107.87,5.5696E+12
528,2018-01-02,3,2,1,2018,1103.84,1103.84,1089.98,5.48799E+12
529,2017-12-29,6,29,12,2017,1088.42,1097.17,1088.42,5.41436E+12
530,2017-12-28,5,28,12,2017,1103.33,1104.98,1101.05,5.48856E+12
531,2017-12-27,4,27,12,2017,1105.39,1108.12,1103.07,5.49918E+12
532,2017-12-26,3,26,12,2017,1107.86,1108.9,1103.86,5.51146E+12
533,2017-12-22,6,22,12,2017,1113.33,1113.73,1109.97,5.53867E+12
534,2017-12-21,5,21,12,2017,1115.63,1119.2,1112.14,5.5501E+12
535,2017-12-20,4,20,12,2017,1111.27,1116.98,1106.8,5.52839E+12
536,2017-12-19,3,19,12,2017,1117.34,1122.12,1111.8,5.5586E+12
537,2017-12-18,2,18,12,2017,1118.87,1121.94,1114.35,5.56634E+12
538,2017-12-15,6,15,12,2017,1117.49,1117.74,1105.95,5.55947E+12
539,2017-12-14,5,14,12,2017,1095.48,1102.85,1093.29,5.44998E+12
540,2017-12-13,4,13,12,2017,1101.32,1105.55,1096.47,5.47955E+12
541,2017-12-12,3,12,12,2017,1102.72,1106.19,1099.29,5.48686E+12
542,2017-12-11,2,11,12,2017,1101.39,1103.31,1092.96,5.48023E+12
543,2017-12-08,6,8,12,2017,1091.5,1096.17,1087.95,5.43104E+12
544,2017-12-07,5,7,12,2017,1083.27,1086.65,1076.38,5.3901E+12
545,2017-12-06,4,6,12,2017,1081.91,1084.53,1072.02,5.38352E+12
546,2017-12-05,3,5,12,2017,1071.3,1084.53,1068.95,5.33075E+12
547,2017-12-04,2,4,12,2017,1069.38,1086.91,1069.25,5.32124E+12
548,2017-12-01,6,1,12,2017,1081.04,1087.44,1063.8,5.37927E+12
549,2017-11-30,5,30,11,2017,1082.08,1087.27,1077.11,5.38441E+12
550,2017-11-29,4,29,11,2017,1082.98,1100.66,1076.12,5.38913E+12
551,2017-11-28,3,28,11,2017,1116.95,1116.95,1099.9,5.55847E+12
552,2017-11-27,2,27,11,2017,1104.84,1108.16,1100.95,5.49881E+12
553,2017-11-24,6,24,11,2017,1104.09,1107.41,1101.17,5.49507E+12
554,2017-11-22,4,22,11,2017,1106.02,1107.37,1102.48,5.50468E+12
555,2017-11-21,3,21,11,2017,1109.2,1109.69,1100.11,5.52087E+12
556,2017-11-20,2,20,11,2017,1094.19,1099.07,1094.19,5.44627E+12
557,2017-11-17,6,17,11,2017,1100.21,1106.41,1097.88,5.47635E+12
558,2017-11-16,5,16,11,2017,1105.15,1108.35,1097.15,5.50104E+12
559,2017-11-15,4,15,11,2017,1093.44,1096.64,1087.56,5.44414E+12
560,2017-11-14,3,14,11,2017,1102.8,1104.76,1092.62,5.49362E+12
561,2017-11-13,2,13,11,2017,1107.27,1108.81,1103.15,5.51602E+12
562,2017-11-10,6,10,11,2017,1096.85,1099.59,1092.5,5.46417E+12
563,2017-11-09,5,9,11,2017,1105.4,1106.07,1092.15,5.50961E+12
564,2017-11-08,4,8,11,2017,1112.74,1112.74,1106.67,5.54634E+12
565,2017-11-07,3,7,11,2017,1105.05,1107.56,1099.72,5.50806E+12
566,2017-11-06,2,6,11,2017,1105.27,1107.12,1100.14,5.50915E+12
567,2017-11-03,6,3,11,2017,1106.51,1106.83,1093.97,5.51634E+12
568,2017-11-02,5,2,11,2017,1096.15,1097.48,1086.06,5.46468E+12
569,2017-11-01,4,1,11,2017,1082.64,1085.52,1077.77,5.39735E+12
570,2017-10-31,3,31,10,2017,1080.71,1084.11,1079.53,5.38773E+12
571,2017-10-30,2,30,10,2017,1083.99,1090.19,1079.11,5.40424E+12
572,2017-10-27,6,27,10,2017,1088.24,1088.74,1074.95,5.42591E+12
573,2017-10-26,5,26,10,2017,1052.95,1058,1050.34,5.24995E+12
574,2017-10-25,4,25,10,2017,1049.33,1056,1041.51,5.2319E+12
575,2017-10-24,3,24,10,2017,1064.41,1066.03,1057.24,5.30712E+12
576,2017-10-23,2,23,10,2017,1056.75,1066.89,1054.17,5.269E+12
577,2017-10-20,6,20,10,2017,1063.65,1068.05,1062.23,5.29532E+12
578,2017-10-19,5,19,10,2017,1059.62,1063.62,1053.5,5.27528E+12
579,2017-10-18,4,18,10,2017,1066.15,1069.23,1063.35,5.30777E+12
580,2017-10-17,3,17,10,2017,1067.71,1067.71,1063.73,5.31554E+12
581,2017-10-16,2,16,10,2017,1057.46,1060.26,1053.81,5.26454E+12
582,2017-10-13,6,13,10,2017,1051.55,1054.16,1049.28,5.23509E+12
583,2017-10-12,5,12,10,2017,1058.73,1062.6,1049.95,5.27085E+12
584,2017-10-11,4,11,10,2017,1058.85,1058.85,1051.84,5.27143E+12
585,2017-10-10,3,10,10,2017,1053.4,1059.61,1049.28,5.24433E+12
586,2017-10-09,2,9,10,2017,1059.43,1062.35,1056.72,5.27433E+12
587,2017-10-06,6,6,10,2017,1066.58,1067.59,1062.17,5.30991E+12
588,2017-10-05,5,5,10,2017,1058.61,1061.26,1051.22,5.27031E+12
589,2017-10-04,4,4,10,2017,1037.25,1040.16,1033.05,5.16396E+12
590,2017-10-03,3,3,10,2017,1039.11,1039.75,1034.91,5.17435E+12
591,2017-10-02,2,2,10,2017,1034.54,1038.67,1030.58,5.15212E+12
592,2017-09-29,6,29,9,2017,1023.1,1025.32,1017.75,5.09516E+12
593,2017-09-28,5,28,9,2017,1013.04,1015.23,1010.07,5.04505E+12
594,2017-09-27,4,27,9,2017,1018.27,1021.2,1010.88,5.07151E+12
595,2017-09-26,3,26,9,2017,1006.15,1010.14,1002.14,5.01113E+12
596,2017-09-25,2,25,9,2017,998.62,1004.17,994.97,4.97363E+12
597,2017-09-22,6,22,9,2017,1006.58,1009.68,1000.53,5.01328E+12
598,2017-09-21,5,21,9,2017,1005.83,1014.32,1003.58,5.00955E+12
599,2017-09-20,4,20,9,2017,1010.9,1017.96,1002.97,5.03477E+12
600,2017-09-19,3,19,9,2017,1017,1020.72,1013.83,5.06518E+12
601,2017-09-18,2,18,9,2017,1014.5,1024.46,1014.17,5.05284E+12
602,2017-09-15,6,15,9,2017,1011.01,1014.97,1006.18,5.04584E+12
603,2017-09-14,5,14,9,2017,1026.23,1030.54,1021.75,5.1218E+12
604,2017-09-13,4,13,9,2017,1041.59,1043.81,1034.59,5.19905E+12
605,2017-09-12,3,12,9,2017,1037.17,1039.4,1030.21,5.177E+12
606,2017-09-11,2,11,9,2017,1040.93,1043.01,1037.03,5.19606E+12
607,2017-09-08,6,8,9,2017,1029.32,1035.77,1027,5.13811E+12
608,2017-09-07,5,7,9,2017,1044.05,1047.92,1041.89,5.21162E+12
609,2017-09-06,4,6,9,2017,1044.86,1049.84,1037.6,5.21602E+12
610,2017-09-05,3,5,9,2017,1044.98,1056.66,1038.19,5.21666E+12
611,2017-09-01,6,1,9,2017,1059.13,1062.63,1058.19,5.28729E+12
612,2017-08-31,5,31,8,2017,1066.49,1066.51,1059.29,5.32402E+12
613,2017-08-30,4,30,8,2017,1053.62,1055.09,1041.67,5.2598E+12
614,2017-08-29,3,29,8,2017,1038.85,1042.57,1024.98,5.18603E+12
615,2017-08-28,2,28,8,2017,1036.14,1039.04,1033.85,5.17274E+12
616,2017-08-25,6,25,8,2017,1037.3,1049.63,1035.86,5.17919E+12
617,2017-08-24,5,24,8,2017,1045.92,1051.55,1039.75,5.22222E+12
618,2017-08-23,4,23,8,2017,1049.31,1052,1046.97,5.23918E+12
619,2017-08-22,3,22,8,2017,1049.93,1052.54,1040.1,5.24229E+12
620,2017-08-21,2,21,8,2017,1028.61,1033.27,1022.26,5.13621E+12
621,2017-08-18,6,18,8,2017,1033.26,1040.57,1027.06,5.15947E+12
622,2017-08-17,5,17,8,2017,1031.77,1051.86,1031.77,5.15207E+12
623,2017-08-16,4,16,8,2017,1054.65,1061.76,1050.4,5.26646E+12
624,2017-08-15,3,15,8,2017,1054.17,1055.25,1050.92,5.2652E+12
625,2017-08-14,2,14,8,2017,1042.95,1046.12,1038.79,5.21206E+12
626,2017-08-11,6,11,8,2017,1030.08,1030.21,1022.9,5.14782E+12
627,2017-08-10,5,10,8,2017,1021.47,1037.84,1021.47,5.10485E+12
628,2017-08-09,4,9,8,2017,1043.93,1043.94,1035.19,5.21975E+12
629,2017-08-08,3,8,8,2017,1047.74,1054.74,1041.67,5.23879E+12
630,2017-08-07,2,7,8,2017,1043.98,1043.98,1038.85,5.22042E+12
631,2017-08-04,6,4,8,2017,1036.66,1038.37,1031.94,5.18381E+12
632,2017-08-03,5,3,8,2017,1026.93,1033.45,1024.75,5.1352E+12
633,2017-08-02,4,2,8,2017,1024.36,1028.3,1014.23,5.12331E+12
634,2017-08-01,3,1,8,2017,1020.48,1022.94,1017.11,5.10391E+12
635,2017-07-31,2,31,7,2017,1021.61,1035.87,1019.7,5.10959E+12
636,2017-07-28,6,28,7,2017,1031.63,1033.67,1026.36,5.15968E+12
637,2017-07-27,5,27,7,2017,1035.69,1050.71,1023.82,5.18018E+12
638,2017-07-26,4,26,7,2017,1043.87,1045.95,1037.65,5.22146E+12
639,2017-07-25,3,25,7,2017,1040.9,1044.31,1036.87,5.20663E+12
640,2017-07-24,2,24,7,2017,1042.9,1045.44,1038.84,5.21664E+12
641,2017-07-21,6,21,7,2017,1044.01,1044.54,1039.31,5.22224E+12
642,2017-07-20,5,20,7,2017,1044.32,1047.49,1040.21,5.22378E+12
643,2017-07-19,4,19,7,2017,1038.9,1041.53,1035.88,5.1967E+12
644,2017-07-18,3,18,7,2017,1034.35,1034.35,1023.01,5.17395E+12
645,2017-07-17,2,17,7,2017,1023.36,1027.01,1022.38,5.11897E+12
646,2017-07-14,6,14,7,2017,1021.82,1024.02,1016.19,5.11127E+12
647,2017-07-13,5,13,7,2017,1025.83,1028.67,1022.7,5.13132E+12
648,2017-07-12,4,12,7,2017,1026.85,1028.47,1021.93,5.13644E+12
649,2017-07-11,3,11,7,2017,1018.24,1019.32,1010.22,5.09335E+12
650,2017-07-10,2,10,7,2017,1013.79,1015.03,1005.15,5.0711E+12
651,2017-07-07,6,7,7,2017,1005.68,1008.82,998.4,5.0305E+12
652,2017-07-06,5,6,7,2017,990.08,994.46,986.87,4.95246E+12
653,2017-07-05,4,5,7,2017,1000.92,1004.56,991.54,5.00679E+12
654,2017-07-03,2,3,7,2017,990.55,1004.3,988.39,4.95603E+12
655,2017-06-30,6,30,6,2017,995.36,1003.46,992.66,4.98006E+12
656,2017-06-29,5,29,6,2017,995.74,1009.79,985.78,4.98256E+12
657,2017-06-28,4,28,6,2017,1017.94,1019.55,1001.03,5.09364E+12
658,2017-06-27,3,27,6,2017,1016.14,1032.85,1012.35,5.08501E+12
659,2017-06-26,2,26,6,2017,1038.22,1050.54,1036.69,5.19549E+12
660,2017-06-23,6,23,6,2017,1042.89,1045.62,1036.82,5.21885E+12
661,2017-06-22,5,22,6,2017,1045.03,1048.52,1042.62,5.22956E+12
662,2017-06-21,4,21,6,2017,1045.2,1045.61,1035.39,5.2304E+12
663,2017-06-20,3,20,6,2017,1038.96,1047.23,1037.6,5.19917E+12
664,2017-06-19,2,19,6,2017,1035.83,1038.57,1026.37,5.18354E+12
665,2017-06-16,6,16,6,2017,1015.86,1021.01,1012.3,5.11387E+12
666,2017-06-15,5,15,6,2017,1022.6,1023.93,1010.78,5.14782E+12
667,2017-06-14,4,14,6,2017,1025.19,1033.82,1020.19,5.16115E+12
668,2017-06-13,3,13,6,2017,1034.08,1036.32,1026.35,5.20646E+12
669,2017-06-12,2,12,6,2017,1030.84,1032.83,1017.93,5.1902E+12
670,2017-06-09,6,9,6,2017,1031.4,1060,1019.3,5.19304E+12
671,2017-06-08,5,8,6,2017,1040.29,1044.19,1036.52,5.2378E+12
672,2017-06-07,4,7,6,2017,1038.01,1040.77,1034.28,5.2263E+12
673,2017-06-06,3,6,6,2017,1039.49,1046.13,1037.57,5.23444E+12
674,2017-06-05,2,5,6,2017,1040.13,1042.96,1039,5.23768E+12
675,2017-06-02,6,2,6,2017,1044.74,1044.74,1035.83,5.261E+12
676,2017-06-01,5,1,6,2017,1031.71,1033.07,1025.96,5.19544E+12
677,2017-05-31,4,31,5,2017,1026.12,1035.27,1023.44,5.16728E+12
678,2017-05-30,3,30,5,2017,1031.03,1033.73,1028.48,5.19199E+12
679,2017-05-26,6,26,5,2017,1035.57,1035.85,1030.52,5.21496E+12
680,2017-05-25,5,25,5,2017,1021.29,1024.6,1013.21,5.14383E+12
681,2017-05-24,4,24,5,2017,1012.48,1012.48,1007.17,5.09946E+12
682,2017-05-23,3,23,5,2017,1005.3,1006.72,1001.45,5.06335E+12
683,2017-05-22,2,22,5,2017,1001.83,1003.54,996.16,5.04605E+12
684,2017-05-19,6,19,5,2017,992.73,997.03,991.12,5.00024E+12
685,2017-05-18,5,18,5,2017,990.25,999.01,977.9,4.98785E+12
686,2017-05-17,4,17,5,2017,984.15,1005.16,984.08,4.9572E+12
687,2017-05-16,3,16,5,2017,1013.57,1014.08,1009.92,5.10627E+12
688,2017-05-15,2,15,5,2017,1009.59,1011.96,1005.78,5.08886E+12
689,2017-05-12,6,12,5,2017,1008.44,1010.16,1005.78,5.08373E+12
690,2017-05-11,5,11,5,2017,1007.24,1007.25,999.82,5.07779E+12
691,2017-05-10,4,10,5,2017,1002.44,1003.73,998.93,5.05619E+12
692,2017-05-09,3,9,5,2017,1001.73,1005.81,1001,5.0528E+12
693,2017-05-08,2,8,5,2017,998.97,999,995.18,5.03918E+12
694,2017-05-05,6,5,5,2017,995.18,995.77,990.33,5.02263E+12
695,2017-05-04,5,4,5,2017,995.11,997.05,992.04,5.02228E+12
696,2017-05-03,4,3,5,2017,996.26,999.06,992.04,5.02806E+12
697,2017-05-02,3,2,5,2017,997.36,998.14,994.59,5.03462E+12
698,2017-05-01,2,1,5,2017,994.5,999.22,989.58,5.02019E+12
699,2017-04-28,6,28,4,2017,985.67,990.01,982.19,4.97562E+12
700,2017-04-27,5,27,4,2017,986.67,986.84,983.51,4.98068E+12
701,2017-04-26,4,26,4,2017,984.33,991.5,984.28,4.96929E+12
702,2017-04-25,3,25,4,2017,987.89,989.57,983.29,4.9873E+12
703,2017-04-24,2,24,4,2017,984.5,984.58,981.36,4.97019E+12
704,2017-04-21,6,21,4,2017,972.65,974.78,969.01,4.9056E+12
705,2017-04-20,5,20,4,2017,968.03,972.76,963.81,4.88229E+12
706,2017-04-19,4,19,4,2017,962.54,970,962.51,4.85464E+12
707,2017-04-18,3,18,4,2017,964.62,969,953.39,4.86512E+12
708,2017-04-17,2,17,4,2017,979.01,981.46,975.41,4.93769E+12
709,2017-04-13,5,13,4,2017,976.64,985.04,976.64,4.9257E+12
710,2017-04-12,4,12,4,2017,981.5,987.04,978.33,4.95024E+12
711,2017-04-11,3,11,4,2017,987.22,996.05,980.31,4.97906E+12
712,2017-04-10,2,10,4,2017,996.3,1001.53,994.26,5.02488E+12
713,2017-04-07,6,7,4,2017,998.5,1002.84,994.88,5.036E+12
714,2017-04-06,5,6,4,2017,990.61,995.43,989.97,4.9962E+12
715,2017-04-05,4,5,4,2017,991.72,1004.15,988.63,5.00183E+12
716,2017-04-04,3,4,4,2017,998.16,998.59,992.56,5.03049E+12
717,2017-04-03,2,3,4,2017,993.83,996.26,988.33,5.00982E+12
718,2017-03-31,6,31,3,2017,992.42,997.79,989.43,5.00331E+12
719,2017-03-30,5,30,3,2017,994.02,996.35,989.06,5.01135E+12
720,2017-03-29,4,29,3,2017,998.68,998.78,993.17,5.03486E+12
721,2017-03-28,3,28,3,2017,984.65,994.59,975.25,4.96449E+12
722,2017-03-27,2,27,3,2017,975.81,978.06,962.47,4.92012E+12
723,2017-03-24,6,24,3,2017,980.23,986.38,976.19,4.94236E+12
724,2017-03-23,5,23,3,2017,975.87,980.62,974.74,4.92042E+12
725,2017-03-22,4,22,3,2017,982.09,983.49,976.62,4.95178E+12
726,2017-03-21,3,21,3,2017,975.33,996.01,974.2,4.9177E+12
727,2017-03-20,2,20,3,2017,999.36,1002.26,995.35,5.03883E+12
728,2017-03-17,6,17,3,2017,997.84,1000.91,995.66,5.0448E+12
729,2017-03-16,5,16,3,2017,998.66,1002.72,997.03,5.04891E+12
730,2017-03-15,4,15,3,2017,1011.42,1011.42,1004.5,5.11378E+12
731,2017-03-14,3,14,3,2017,1009.52,1012.03,1006.31,5.10415E+12
732,2017-03-13,2,13,3,2017,1006.32,1007.51,1003.14,5.08852E+12
733,2017-03-10,6,10,3,2017,1010.12,1013.06,1005.67,5.10811E+12
734,2017-03-09,5,9,3,2017,1007.38,1008.93,999.35,5.09423E+12
735,2017-03-08,4,8,3,2017,1005.11,1009.6,1002.66,5.08273E+12
736,2017-03-07,3,7,3,2017,1001.31,1005.75,998.36,5.06383E+12
737,2017-03-06,2,6,3,2017,998,1001.18,993.82,5.04713E+12